{"iter": 0, "train/loss": 10.9248046875, "val/loss": 10.952020645141602, "lr": 0.0, "_timestamp": 1675275831.544072, "_runtime": 25.42730402946472, "_step": 0}