{"iter": 2000, "train/loss": 2.167397178709507e-05, "val/loss": 19.72728729248047, "lr": 0.0006, "_timestamp": 1675277955.4543147, "_runtime": 2149.337546825409, "_step": 1, "_wandb": {"runtime": 2655}}